chroma_stft,rms,spectral_centroid,spectral_bandwidth,rolloff,zero_crossing_rate,mfcc1,mfcc2,mfcc3,mfcc4,mfcc5,mfcc6,mfcc7,mfcc8,mfcc9,mfcc10,mfcc11,mfcc12,mfcc13,mfcc14,mfcc15,mfcc16,mfcc17,mfcc18,mfcc19,mfcc20,LABEL
0.28017408,0.07534328,1317.7213703853172,1700.7500550230527,2445.486727627841,0.049072265625,-239.68085,146.38023,-30.87639,9.537154,20.861614,-11.199884,-7.3028293,-14.612839,-11.3300905,-1.0760201,-8.738776,4.568505,1.1125579,-2.7114277,-5.89064,-0.09976044,-3.401687,-11.330775,-8.039434,6.006929,FAKE
0.5119314,0.0068807635,2597.502070569994,2602.798876590428,5518.61738725142,0.11289284446022728,-370.01532,90.25155,-4.3587193,16.404116,7.0474277,8.2349205,-5.404232,-8.734597,-6.542957,3.2667742,-9.172942,0.5836597,-4.3474097,-0.43158123,-7.1655293,-1.7396538,-7.9352145,-5.119544,-6.1944733,-4.0340915,FAKE
0.3522976,0.049764905,1723.9893008267704,2074.310423833208,3706.647283380682,0.07536177201704546,-301.5176,128.57587,-9.166787,18.34921,32.916428,-0.032935143,-9.857184,-14.712988,-13.509678,2.796238,-8.345043,-0.4278035,-7.009047,3.9925315,-5.3800035,-3.563141,-2.666123,-1.412211,-9.834777,3.7501655,FAKE
0.3681232,0.047099136,1946.2216622924059,1961.5892088021756,3541.967218572443,0.10777698863636363,-263.4314,118.91871,-12.895987,35.324825,36.15696,-8.096134,-7.8910584,-15.2316475,-12.470089,0.72903764,-5.482199,-1.079589,-5.2980328,7.2293,-6.5204806,5.1503825,-3.2213974,-2.1833007,-4.394824,4.3568497,FAKE
0.42288515,0.04136171,1866.530444363776,2011.5757590673932,3657.2187943892045,0.09883256392045454,-300.66483,129.6546,-24.316565,18.293152,19.61567,-9.757548,-2.7071524,-10.644106,-10.943159,7.5588136,-2.4607427,2.8903456,-1.6194758,5.243052,-5.494365,4.5960126,-1.4969337,-7.618076,-4.730706,5.3368526,FAKE
0.36452267,0.05065743,2382.5501545282245,1925.6842012661843,4128.012917258523,0.15196644176136365,-248.50409,86.654976,-10.815597,49.001095,21.059319,-7.9678054,-7.478815,-17.627174,-9.190562,0.19687518,-8.480241,2.3447824,-1.8025228,5.145561,-5.394081,8.28889,-3.6918452,-1.9025643,-4.07737,4.210348,FAKE
0.39181513,0.041011464,2139.789274825811,1907.401527669074,3688.784512606534,0.1297274502840909,-267.588,101.46484,-10.357687,40.70142,20.864592,-2.0309806,-1.9036866,-11.889777,-11.579116,1.723941,-5.366902,-1.546033,-2.2185903,6.602035,-7.9958987,4.846052,-1.6978999,-1.1202385,-5.148721,4.501399,FAKE
0.4163063,0.036614485,2894.0028693348754,2063.8692226059757,4860.631214488636,0.19622247869318182,-267.9781,65.97668,1.8883866,46.035263,8.228728,1.7629031,-2.4998071,-12.737475,-6.5239515,0.4139961,-4.2229457,1.1575494,-6.322955,5.7350645,-4.6291046,6.5301514,-3.0099185,-2.8431845,-3.6901422,6.1638613,FAKE
0.54828835,0.023735719,2250.036679275188,2048.4169744468827,4080.786687677557,0.12330211292613637,-323.75485,104.762474,-3.735499,26.283836,9.336577,-4.596703,0.5302735,-11.532504,-9.307172,3.8246553,-4.5650167,1.1013986,-1.2488704,4.030034,-6.68724,4.755887,-5.5702515,-2.4682348,-2.0817344,5.163248,FAKE
0.5968427,0.0045605,3532.5332847893137,2700.6633751681084,6599.437366832386,0.2553045099431818,-339.1713,48.229504,-10.0557575,24.140535,-12.168392,4.4441996,-4.5372806,-10.665592,2.9667885,6.50415,-4.021481,5.0252657,-1.4167631,1.6365722,-3.501999,3.1705964,-4.668018,-3.2487295,-1.9669262,3.8280036,FAKE
0.49349582,0.038626954,2129.659793593212,2243.1445454875497,4336.004083806818,0.09943181818181818,-336.72348,112.2492,-20.002525,18.701294,-1.3963151,-10.788108,0.2855729,-8.621173,-4.2660365,3.7999265,3.5563438,4.5465603,-5.439491,-2.5648675,-7.312486,-1.099881,-5.0314693,-10.477516,-3.126507,1.6269246,FAKE
0.32680088,0.1042561,1909.3811241208095,1719.97968525376,3549.7974742542615,0.10565740411931818,-186.96031,123.484276,-33.070694,41.365894,6.2201114,-17.505516,-6.3449006,-19.89456,-11.364792,-1.3072821,0.3501787,6.667178,-4.5476193,0.5071036,-10.751625,0.62633,-6.0058427,-6.7479215,-0.8996845,-0.58080965,FAKE
0.2837922,0.11957511,2240.777825281845,1902.5074375887816,3950.8533824573865,0.12251420454545454,-194.05058,104.841286,-20.557795,45.8991,21.563385,-31.342249,-8.565009,-20.272959,-9.72982,2.3879693,-9.429983,1.9873978,1.5843358,3.3635447,-6.5764194,4.6607327,-8.204928,-5.4157567,-3.0534806,0.16186506,FAKE
0.3465824,0.055275645,1428.1951540951118,1870.9930124867033,2919.4618918678975,0.04896129261363636,-320.2293,137.84915,-10.845811,21.164549,27.457237,-0.23525338,-9.332416,-10.48282,-7.6465077,-3.6725135,-3.3006487,0.8386034,-5.307466,-0.63894373,-3.383288,3.9109757,-3.187261,-6.198814,-1.7010559,4.297316,FAKE
0.25762182,0.07099283,1930.449906790015,2110.15845958361,3932.501220703125,0.06069113991477273,-295.47528,103.19282,-14.300421,34.065548,25.081879,-3.8606303,-10.2343855,-7.7235427,-16.87663,-5.8879337,-5.144236,-3.191848,-10.43906,-0.36461857,-4.409091,0.6209432,-4.1478024,-10.1118355,-2.3650122,1.844626,FAKE
0.36369,0.104198694,2175.8399687337032,1869.0495009802637,3776.8748890269885,0.12466708096590909,-219.4541,111.92142,-6.1386685,28.415913,12.520487,-15.993763,-12.130396,-16.30307,-13.747542,0.6679974,-18.452202,-3.9802644,1.5988553,0.5472985,-8.611129,5.8995214,-2.5034695,-8.560101,-2.3240945,1.3585261,FAKE
0.33463404,0.08838444,1535.1405345180092,1840.872647158667,2919.4618918678975,0.06700550426136363,-239.56151,140.9203,-4.8083043,19.110537,-15.127132,-12.1428795,3.1787794,-5.922568,-16.00801,-7.604896,-9.28768,2.2750552,3.133835,1.3139379,-4.23883,-0.34077427,-11.426866,-10.759214,2.150362,-1.8215325,FAKE
0.5618944,0.035307523,1776.3692921998152,2022.0310752591954,3650.8567116477275,0.08600408380681818,-225.64728,124.71558,-16.666574,-4.0233083,-42.248013,3.6997237,5.527981,-0.7949659,-15.200242,1.5384444,-1.7561944,-4.2049856,-16.685892,-6.021457,-11.459275,-3.5335767,-14.982099,-5.274294,-8.321317,2.321422,FAKE
0.5386658,0.04339652,1680.7064173043175,1920.323337036729,3201.595791903409,0.08509410511363637,-196.52379,131.3213,-17.93077,-19.71857,-53.456944,-0.493635,-1.6844344,8.334008,-10.910811,-1.5105041,-5.6936655,-7.294498,-10.531983,0.5442228,-14.405481,0.37928975,-17.123217,-10.125675,-2.4421456,3.1724944,FAKE
0.5824098,0.027235055,1923.9474137606014,2081.4007493662634,4029.645330255682,0.09917658025568182,-214.36768,120.91682,-16.68792,-3.9237678,-51.940342,1.3470768,5.1607738,5.1153536,-20.391878,2.5424502,-5.400065,-0.6944294,-10.174992,0.18493699,-17.288855,1.6440094,-8.842826,-5.1134067,-7.9599757,-0.44235724,FAKE
0.46195358,0.060308516,1837.9288245006485,1866.8993897020316,3379.244717684659,0.09995339133522728,-194.77142,126.15455,-25.749884,9.542185,-20.829388,-4.6466937,9.10975,-8.324954,-23.18032,0.13438176,-3.6772215,-7.284348,-13.317911,0.73533726,-15.049497,4.0467567,-6.182333,-5.3123612,-7.8632083,2.5190024,FAKE
0.36803645,0.098271295,2197.289818698063,1867.2288368010616,3936.1716530539775,0.13829456676136365,-171.16783,115.84353,-18.484133,17.842375,-16.192413,-3.3985717,-3.1219413,-10.05922,-20.234486,-0.7148173,1.7958102,-5.357976,-6.5417037,0.63101417,-5.373551,9.399347,-8.55942,-10.263465,-2.881304,4.052715,FAKE
0.32169795,0.10859685,1334.1357615361844,1529.2990585440127,2428.3580433238635,0.05869362571022727,-194.54268,150.59792,-34.554398,19.069939,-12.609038,-14.735503,-4.8941135,-4.002794,-17.731924,-10.873897,-7.608784,7.87072,2.3092842,2.2275975,-5.6434717,0.827548,-14.133615,-6.8107,2.5083358,-4.1079936,FAKE
0.3423473,0.12784348,2128.8066567688807,1926.2982088327421,4018.878728693182,0.10897549715909091,-173.99023,107.40237,-37.177902,31.800331,16.519972,-14.460245,-6.900371,-18.007854,-16.244314,2.517356,-6.1231127,-0.23014003,-2.7194598,1.0191853,-3.7959254,5.643395,-10.222947,-6.7126584,4.1821246,-0.11807663,FAKE
0.3239612,0.108693905,1992.3059677549757,1791.7128059671145,3817.004949396307,0.10916415127840909,-193.85204,123.31219,-34.26793,36.761642,0.90458757,-16.308754,-10.959425,-23.200535,-13.156461,-0.28935754,10.647631,8.91883,-3.6807427,-3.8421006,-6.6483946,6.8255644,-8.60027,-16.745165,1.0882894,0.47674713,FAKE
0.3564482,0.07653255,2066.923620449125,1993.7624885548883,3940.576171875,0.10536887428977272,-223.04701,99.36389,-17.061232,49.574425,29.569355,-15.503079,-7.677898,-13.619254,-12.606147,-0.93350166,-12.884043,-2.3386762,-7.2453785,2.005889,-9.221806,-0.2007989,-4.5354924,-1.1112943,-4.7144003,3.312625,FAKE
0.37792775,0.03601481,3296.4852072841763,2293.513878733866,5740.556196732955,0.220947265625,-271.92432,38.66405,1.161327,42.33466,9.45662,9.109651,-2.7798827,-17.604265,-5.9637084,5.8405375,-7.290831,-2.879262,-6.02459,3.4961548,-5.8440404,6.196234,-5.2956014,-3.6230624,-0.51753,5.9133606,FAKE
0.4229293,0.043115832,1715.7094148261087,1950.2666839253254,3480.059259588068,0.07436301491477272,-300.13498,141.45409,-10.498703,12.674426,13.70675,-14.853879,-3.6458902,-0.055405054,-11.196687,-1.5576427,-6.781497,6.8823757,-4.105941,3.235694,-7.919354,1.8180076,-3.8985224,-4.374804,-2.9215562,4.5814905,FAKE
0.3932857,0.046084702,2220.0588075258456,2153.3617227438763,4282.660466974432,0.11866344105113637,-290.74802,101.75587,-27.02758,34.174793,13.897973,-8.111938,-7.0902147,-15.846487,-2.0363932,5.227913,1.8509948,1.7707832,-2.8346868,3.7361352,-7.4445057,1.22257,-2.7526555,-5.878407,0.7368485,2.5474434,FAKE
0.33471882,0.05616142,2980.3880311835414,2223.9585353806224,5114.380437677557,0.1905517578125,-255.54088,71.06307,8.881977,46.659863,18.26639,4.6497607,-11.415542,-21.959902,-9.572619,-1.5150014,-6.814978,-2.960865,-7.402534,3.6152208,-3.4109876,6.776562,-7.0237746,-3.934715,1.6697425,4.029928,FAKE
0.30496067,0.07184646,1706.009839548028,1767.0795070840993,3165.625554865057,0.07609419389204546,-247.45522,127.70068,-9.6593485,43.32978,30.40418,-16.79231,-13.0531435,-20.79321,-16.103745,-0.42904675,-17.975904,-9.205725,-2.1020942,3.2825744,-11.766095,4.2280965,-4.190901,-3.788758,-2.754815,5.0721335,FAKE
0.32963574,0.07199178,1607.2315191315138,1808.7392855776561,3080.716219815341,0.08189808238636363,-245.08177,131.40065,-20.177658,43.485672,40.78633,-16.279726,-8.742361,-22.817589,-18.566563,2.2484064,-11.086553,-6.1731687,0.7699098,0.68717027,-7.029964,4.231524,-3.9868975,-1.7106134,-9.144697,5.3359547,FAKE
0.33852717,0.05663253,1224.9304763223697,1577.1723346163199,2273.4657981178975,0.05652965198863636,-266.46414,160.6612,-11.015204,22.762276,21.969135,-9.25794,-12.689865,-15.248078,-14.11065,-5.338499,-5.4331827,2.1275353,-1.9772602,2.8032417,-5.7310543,2.2353225,-1.0242648,-3.8355272,-4.793308,3.8088326,FAKE
0.36793002,0.050126072,1702.8303697521633,1958.7299028424509,3313.421630859375,0.08159845525568182,-280.63693,128.67406,-18.403355,28.12176,31.88264,-12.432586,-3.9645193,-8.342677,-15.432285,0.3077359,-2.7662454,-1.8574767,-1.7323307,4.8802624,-8.365251,0.596801,-1.8170091,-1.6512768,-5.5526547,4.9207373,FAKE
0.4101896,0.054048743,1946.7766325775572,1796.8230623932561,3473.697176846591,0.11880770596590909,-235.667,132.23276,-22.594929,21.575294,-5.0994053,-10.094246,-1.1055313,-16.974062,-8.018535,-2.857274,2.4788728,10.129098,-2.266911,-3.7317626,-4.6360264,4.1880155,-9.032505,-7.171517,-0.40011138,2.3572662,FAKE
0.39560887,0.037229124,1959.406602856546,1922.1016690259303,3649.3885387073865,0.10915305397727272,-283.27444,125.202225,-4.106395,26.923616,13.566366,-1.0566822,-4.9134984,-11.785355,-9.9762945,-3.3735566,-0.9717834,8.15409,-8.422473,1.4611995,-4.9429626,6.014583,-5.3657184,-6.395899,-2.8755696,2.452308,FAKE
0.43676117,0.032907985,2517.4359131881483,2222.9300796234897,4681.514115767045,0.16957785866477273,-323.85883,100.02617,7.9415255,24.727795,8.35161,-3.8784616,-3.3825195,-9.104641,-11.568424,4.944227,-2.9726174,-1.7217404,-2.3715777,6.0687957,-5.369606,6.190062,-1.2954988,-3.233214,0.8983976,5.8806105,FAKE
0.3624129,0.051796842,2997.3833341769614,2143.5268050513287,5087.463933771307,0.20404607599431818,-230.94655,62.615047,3.0370138,44.55859,14.83122,11.440793,-10.255294,-23.683422,-12.748275,3.5392814,-5.7785707,-6.0966144,-6.9736056,5.4388967,-4.274809,9.263481,-3.8206964,-5.949605,-0.20898753,7.9826703,FAKE
0.4569264,0.036573425,1836.7310574426172,2138.169658801075,3656.9740988991475,0.09447132457386363,-308.63086,116.90179,8.287174,37.67598,20.167301,-11.7664175,-1.4954739,-9.627735,-10.713401,0.7482401,-11.142021,-0.5437929,0.36549357,3.398336,-7.178474,6.584531,-1.2473023,-1.8969512,-2.6076999,2.899426,FAKE
0.5676234,0.0039352137,2691.16497975401,2726.8838064863176,5625.54931640625,0.14241166548295456,-385.6083,87.01402,-10.24725,10.867393,6.3803377,0.50899184,-2.8413842,-8.301827,0.4821081,4.5502934,-0.43681574,-1.799792,-1.9772397,0.6633141,-8.182119,0.36638892,-4.281903,-1.2406992,-2.7721548,-1.0748156,FAKE
0.40853804,0.05292028,2623.7313419121474,2244.3352596270497,4762.263627485795,0.16845703125,-274.33124,86.76,1.2288783,34.954666,19.048805,0.18268457,-12.347757,-15.998879,-4.9657044,-0.11648815,-7.0382304,-1.7988906,-3.0423021,4.193143,-7.868152,5.0277576,-5.4022923,-3.8667939,-0.1567544,0.76356274,FAKE
0.32752836,0.060202632,1855.2001821439205,2050.601290615846,3681.1989524147725,0.08542702414772728,-271.0257,119.23889,-3.570576,33.882816,17.263401,-6.360291,-11.139251,-19.40616,-9.460079,-2.59945,-10.025922,-0.95583993,-1.955151,0.7460701,-7.0715055,4.833037,-3.794091,-6.1478543,-1.8065907,2.5409193,FAKE
0.34903094,0.05524266,2507.1644691953657,2041.162616830552,4306.640625,0.16124378551136365,-234.40285,81.53967,-8.373623,56.014748,26.527185,0.016643958,-14.251529,-21.807007,-6.013264,-0.5868852,-13.95118,-8.766071,-5.031168,5.478336,-9.560594,2.7950943,-3.260106,1.609117,-1.6964287,4.382397,FAKE
0.3197747,0.06834508,1524.615777802075,1600.5735795894748,2731.780450994318,0.07965642755681818,-235.42455,133.63707,-26.931477,38.823654,34.845043,-17.869371,-12.020985,-16.25589,-11.955991,1.2124519,-4.11164,3.9427366,-10.140097,-3.192382,-5.034808,1.8935345,-5.9227676,-8.501775,-2.5003104,7.2528048,FAKE
0.41240627,0.02534343,2467.1942430209824,2165.406184165982,4444.159490411932,0.14361017400568182,-287.9761,84.280594,-26.579473,26.018044,15.112624,-2.8996825,-2.0996416,-7.5010867,-6.3876467,7.3582854,-0.80631196,1.9115841,-4.6580873,5.379632,-3.6992953,2.5353572,-5.7987967,-5.2642336,-3.3594093,4.2109284,FAKE
0.3140817,0.097255565,1231.8711063213375,1520.3820406257064,2231.8675648082385,0.052800958806818184,-265.6462,161.21884,-13.232877,20.946943,4.5343547,-19.229095,-4.946817,-10.427826,-14.523535,-3.6438096,-3.971309,-0.03496093,-1.7895335,-1.6480106,-5.926419,5.011034,-5.807971,-9.193511,-3.8514748,3.890406,FAKE
0.3118069,0.07630105,1609.242077710072,1703.1701745234648,2985.7743696732955,0.08826793323863637,-244.47508,143.05693,-6.674715,28.19316,7.742082,-8.888756,-2.4255877,-15.0669365,-16.628647,-5.7856455,-8.1663265,2.9132912,-2.6116157,-1.0823035,-8.199105,3.8348274,-2.6260874,-8.743189,-4.19386,2.4528067,FAKE
0.28458843,0.073818885,1251.6062979017038,1529.6458669431754,2077.4647105823865,0.060791015625,-259.25974,157.15872,6.493752,30.169212,-4.9678683,-13.763793,-6.6773815,-7.870795,-13.43577,-9.653225,-12.994544,4.9987454,-1.858709,0.13513267,-3.427681,5.8941708,-7.942354,-7.6481113,-3.8214486,0.2969875,FAKE
0.3609974,0.047151208,2643.6751785698816,1958.6215667680228,4496.769020774148,0.17339533025568182,-249.38417,88.19857,2.1371686,34.937405,3.1822507,8.830484,-9.389114,-17.078848,-12.279138,-2.6520238,-2.2692823,6.375815,-6.2336183,0.41453418,-4.991648,7.6672063,-6.078389,-7.056848,-0.5434466,2.3811052,FAKE
0.3160266,0.05161412,1748.5523924832096,2064.5150226095016,3555.670166015625,0.08367365056818182,-304.96066,118.01089,-6.549532,36.811615,15.3575535,-9.273089,0.41948652,-13.556409,-13.000815,-3.6761963,-5.3374805,0.7063992,-2.6037493,2.325309,-5.918333,1.9597126,-1.8109365,-3.7399743,1.2566575,1.2604047,FAKE
0.29140812,0.091432504,1528.1176827884556,1690.0410609773542,3087.8123890269885,0.06177867542613636,-223.66457,149.18628,-35.874474,16.439863,15.6600485,-10.603562,-6.7433853,-15.570892,-14.33818,-0.5438307,-1.0182837,1.2308093,-2.1986113,-0.37704384,-10.207559,4.0604935,-3.7127345,-7.3542676,-3.1478226,2.9759753,FAKE
0.33029452,0.057806447,2404.762586281958,2012.2605493590265,4310.066361860795,0.12746360085227273,-255.18379,94.53785,-3.627899,40.96813,6.550687,-0.24283852,-3.464025,-16.493002,-18.390785,-4.362033,-5.4501266,1.0108466,-3.7693772,-0.36246574,-6.2511945,7.9803286,-1.7213874,-6.857039,-3.4941163,3.4284508,FAKE
0.3728242,0.042231783,2465.0128727495194,2035.3486665684532,4315.204967151989,0.14637340198863635,-265.76996,89.12148,-13.12882,45.2478,13.903366,-6.7322097,-7.022328,-12.266793,-9.440287,3.1648262,-1.0971713,-1.3910638,-8.428887,3.8003728,-3.8931463,4.734664,-4.2284336,-4.448823,-2.4138682,4.540639,FAKE
0.46135494,0.037020467,2087.85624227485,1985.7824531748906,3768.7999378551135,0.1266756924715909,-272.8157,116.87483,-14.466264,28.09666,4.0629225,-2.2420497,-6.2347994,-13.546624,-10.619621,0.31699812,0.93654686,2.4697192,-0.30550054,3.4673882,-7.9085875,4.992608,-5.8467546,-6.7496734,-0.79467696,3.3717642,FAKE
0.41099235,0.027302463,2356.4503387066525,2262.3510747446303,4528.579434481534,0.13388893821022727,-316.55432,98.0173,-6.901314,26.401617,12.345825,5.257299,-6.1210527,-15.760421,-10.788504,2.155729,-3.0605886,-0.36174056,-0.9029957,1.7360344,-4.131399,6.802084,-2.2711637,-6.031492,-3.0835505,1.6416477,FAKE
0.3599914,0.08197629,1446.387113889171,1791.0075646680764,2973.050204190341,0.056329900568181816,-259.9011,139.57487,-24.753698,31.381899,16.35617,-10.008618,-1.782238,-13.947558,-13.767348,-6.7843037,0.46079236,6.287108,-6.7273602,-3.8312333,-8.797355,2.7866857,-3.9747305,-8.610328,-1.7828778,5.7425823,FAKE
0.33510497,0.12533021,2157.4653508548345,1745.4282065887594,3800.855047052557,0.13080388849431818,-165.83871,115.920975,-32.523495,27.87502,2.5455482,-17.872242,-9.447152,-12.295194,-21.094896,-2.9350708,-3.238505,2.5013702,-2.750854,-1.8893043,-9.854267,6.3715625,-6.893088,-6.8685136,-1.0786177,0.25914752,FAKE
0.3054932,0.10704689,1415.0173789073128,1506.0339767997261,2461.636629971591,0.07450727982954546,-217.98521,146.35265,-20.692606,30.465574,14.787772,-19.625528,-17.355944,-14.540032,-15.949774,-2.6036425,-3.1463532,0.34489372,-4.280082,-2.1593208,-7.38206,6.007089,-4.1837573,-12.943784,-0.012602318,4.453156,FAKE
0.34332606,0.07733984,1317.006289869222,1664.343831928073,2714.407071200284,0.05567515980113636,-238.58672,149.88582,-26.10094,34.250484,32.06531,-20.38773,-7.2267375,-13.768157,-19.924364,0.27778772,-5.230151,2.4602606,-9.466902,3.4438074,-7.87771,4.3364606,-4.2490745,-6.973023,-1.6729096,4.639426,FAKE
0.43939307,0.022074666,2193.0546588886805,2308.6090152931433,4355.579723011364,0.11858575994318182,-322.22116,107.63491,-8.445279,14.565741,15.74808,-6.026692,-6.3100734,-4.3577867,-5.3035564,7.847319,-3.5066316,2.9397187,-2.1665266,5.934421,-7.4342723,-0.9105192,-1.7850628,-3.9871879,-3.1519969,2.9720361,FAKE
0.4876813,0.03229856,1985.8030865406959,2136.529002217038,3918.5535777698865,0.10354891690340909,-293.86084,122.49877,-9.453713,20.502676,31.981348,-6.507825,-9.499327,-10.035239,-7.9486785,6.880424,-5.4715533,4.9223995,-5.1808925,7.8258867,-3.3257637,2.021393,-2.5656474,-3.982638,-6.334599,3.1814027,FAKE
0.6163552,0.021595018,2598.226327785073,2383.1783445307674,5131.753817471591,0.15535111860795456,-223.6319,81.46184,-40.525425,-4.733484,-18.598692,3.2458982,-6.0644546,-6.5815043,-6.6320896,11.702595,-3.5114014,0.16601788,-1.3236489,3.7137322,-7.7425857,-2.2424886,-4.6156206,-0.48017308,-2.8037457,-1.3234967,FAKE
0.6161958,0.043489333,2738.0446934307197,2462.265093193595,5518.127996271307,0.15329811789772727,-132.84271,72.95859,-44.67543,-23.705915,-27.815418,5.3556905,-0.69728756,-8.145649,-10.510683,9.949616,-4.630282,-4.705373,-3.5896769,1.985428,-6.3242674,-1.012133,0.32453933,-2.0746498,-7.507857,2.9247887,FAKE
0.623373,0.043545015,2649.188074337431,2360.086110986369,5151.81884765625,0.15086780894886365,-132.55923,75.80398,-45.941055,-19.217058,-32.773827,5.03677,2.002688,-7.5464034,-6.966812,9.682173,-3.3995583,-6.154337,2.385628,3.9776278,-9.777695,0.6886566,5.9442887,-0.20803577,-8.258556,8.295313,FAKE
0.60618526,0.04359925,2590.091114134007,2238.1457063061766,4778.658225319602,0.15397505326704544,-130.20338,77.47966,-53.50089,-7.243277,-29.285622,-7.7133183,3.251329,6.288307,-8.794238,-2.2101974,0.11811485,3.9184952,-4.5911617,-1.5755085,-4.107551,2.25621,1.0580032,2.2918212,-4.1377087,1.9919235,FAKE
0.6024567,0.04543463,2493.4097085031385,2131.507238160258,4565.528453480114,0.155517578125,-126.15345,82.74914,-58.31284,-3.6747322,-24.754417,-2.1472745,-0.10125553,7.4140706,-10.257405,-1.7999645,2.1939974,3.2192786,-7.631085,-1.8066297,-2.2609005,0.881576,-2.4459906,1.0552467,-2.147994,2.2186089,FAKE
0.43233097,0.11575632,2123.6855299899485,1957.7523502748322,3994.8985706676135,0.11692116477272728,-116.79927,100.192635,-50.96207,6.830974,-15.450952,-5.6197557,-6.8951874,3.9107926,-16.494852,-3.0533164,-3.1712487,1.0136445,-4.68191,-0.59213597,-8.241456,2.8701773,-4.0436945,-6.044623,-3.4581664,1.2813102,FAKE
0.3158393,0.12799114,1662.881077750302,1854.88399392242,3160.4869495738635,0.06410910866477272,-146.31618,120.83596,-38.729824,12.423066,7.8448563,-3.1580024,-11.247664,-4.4703593,-19.052773,-1.0892034,-7.4096394,-12.591275,-4.1939716,6.7294645,-14.681581,3.493898,-1.7321503,-6.2500353,-2.7377129,-0.9521304,FAKE
0.32644138,0.12531875,1501.6679473538054,1611.6447591810975,2806.4125754616475,0.06955788352272728,-172.1949,131.72264,-46.62125,26.996735,11.425967,-14.870804,-14.755118,-13.734006,-8.806663,-0.57972753,-3.5051134,0.45686427,-5.521086,-0.7221663,-8.940343,2.4146497,-10.766604,-7.82372,7.1017323,-3.200036,FAKE
0.30083132,0.1072812,1158.4501527670145,1392.2052727428534,2101.2001731178975,0.052168412642045456,-206.6714,166.95795,-24.204786,26.897612,-34.616497,-30.58604,8.089335,-3.4252167,-8.523814,-8.698867,-3.741409,9.31063,5.8046994,1.0856706,-3.9780715,-4.356426,-12.718393,-8.699889,-0.7317889,-0.64283824,FAKE
0.38526824,0.07032127,1755.7544012598714,1774.1338777326816,3138.46435546875,0.09164151278409091,-242.77611,135.60028,-14.08143,24.244856,1.3167081,-13.471587,-2.6472757,-10.597585,-11.246781,-4.944121,-0.19548184,3.1729736,-1.1722366,0.8411608,-7.1325192,2.5678322,-6.9582214,-6.7346425,-2.6074517,0.19293366,FAKE
0.2937967,0.121404216,2176.1211262785514,1816.1571618972448,3996.856134588068,0.13023792613636365,-182.36394,117.47766,-26.712044,31.607508,9.890631,-12.822778,-11.194372,-15.312173,-21.146816,-4.4912624,-3.5298982,2.1051102,1.8451271,-0.56364703,-6.967628,8.757181,-2.5661576,-12.117438,-0.5459509,3.3428717,FAKE
0.47165737,0.044717576,1785.6032453073242,2057.7629882891383,3886.7431640625,0.07209916548295454,-297.49124,126.433846,-14.8954935,24.892084,4.417488,-5.963553,3.3252237,-2.6527445,-12.342422,-8.547149,0.8939621,9.010819,-6.0847745,-1.8904384,-3.357929,1.2461618,-5.725613,-7.5860577,0.53070205,4.802153,FAKE
0.28820708,0.11098492,1950.7491915632017,1874.4041564207744,3654.2824485085225,0.08810147372159091,-193.6814,110.877266,-34.346092,47.932327,32.576424,-17.284111,-6.556313,-23.345514,-20.39174,3.3394408,-14.075237,-4.1044445,-4.0934606,-0.0151147405,-7.8180237,5.6972623,-4.7203503,-5.1114283,-1.9609952,5.4637103,FAKE
0.3753585,0.0821098,1769.5758281839953,1801.9200518237046,3280.6324351917615,0.08403986150568182,-237.56264,132.13016,-27.891766,21.837822,26.086512,-10.72279,-15.135787,-14.963108,-12.576087,1.6262199,-2.7138612,-2.1089325,-3.9983323,2.1201522,-5.9342656,-2.2483294,-2.0231755,-6.21583,-2.426883,2.0113547,FAKE
0.38491595,0.06922484,2259.346435652162,2195.800310728644,4568.709494850852,0.1185302734375,-273.98474,99.83132,-9.166597,34.969906,16.862522,-2.0481358,-2.7400904,-17.242338,-10.067073,0.6120261,-2.51224,0.43181193,-4.121276,-4.106932,-4.0180807,3.9894142,-2.2358665,-5.8759627,-1.7269158,8.04393,FAKE
0.31946513,0.06708142,1616.9035234337753,1985.5569675508739,3171.008855646307,0.065673828125,-260.725,114.536354,-3.9499068,53.56205,40.54061,-12.874302,-6.556096,-18.472067,-16.747149,1.7412051,-11.412766,-6.097236,-6.841614,5.6233683,-14.289117,2.8843634,-0.37365696,-2.2546928,-4.1425138,4.8910136,FAKE
0.34171402,0.055909894,1759.0926625632244,1724.7295265313028,3107.388028231534,0.10392622514204546,-252.53688,135.71042,-14.173147,27.838623,22.783812,-9.910549,-7.5205097,-16.953142,-13.915057,-1.4673436,-0.5513488,2.0545673,2.203108,4.2513423,-7.995665,2.1683903,-3.4306955,-4.3450675,-5.945255,4.9434223,FAKE
0.45817018,0.035470076,2504.489992979694,2051.595696970516,4395.465087890625,0.15497381036931818,-269.32144,87.80152,0.48052275,41.13361,10.545804,8.055178,-8.380425,-21.037987,-7.803401,0.35432506,-1.7312754,1.3808717,-5.548708,2.8445024,-7.6560254,7.09387,-4.5974903,-7.5136156,-4.172346,4.1720324,FAKE
0.52609074,0.01182138,2137.981979001654,2601.846082339925,5206.93359375,0.0784272693452381,-425.5181,104.9146,14.370236,24.021627,16.593962,5.906205,0.34020364,0.22422396,-9.609335,-5.6062202,-7.814783,-2.296701,-3.211776,5.6865983,-6.135918,0.5694047,-0.8831315,-3.909389,-3.2860248,5.5397563,FAKE
